"clustering","name"
1,"Drip Too Hard (Lil Baby & Gunna)"
1,"Taki Taki (with Selena Gomez, Ozuna & Cardi B)"
1,"Happier"
1,"I Love It (& Lil Pump)"
1,"In My Feelings"
1,"ZEZE (feat. Travis Scott & Offset)"
1,"MIA (feat. Drake)"
1,"Arms Around You (feat. Maluma & Swae Lee)"
1,"Better"
1,"SAD!"
1,"Taste (feat. Offset)"
1,"Eastside (with Halsey & Khalid)"
1,"God's Plan"
1,"Suncity (feat. Empress Of)"
1,"Topanga"
1,"Kiss and Make Up"
1,"Uproar"
1,"High Hopes"
1,"Ric Flair Drip (& Metro Boomin)"
1,"Te BotÃ© - Remix"
1,"Plug Walk"
1,"Kamikaze"
1,"Killshot"
1,"FeRRis WhEEL (feat. Trippie Redd)"
